dimension,k,tau,R2,t0,M0,Mend
x,0.14412826770027656,2.0000000000000004,0.7966971667566565,2.0,0.0086329555701721,0.6924380554906209
y,0.14054027094381893,2.0000000000000004,0.70637923281994,2.0,0.0060335377441807,0.6848317191484433
z,1.8309167942144122,2.0000000000000004,0.9464798478130795,2.0,0.1345473371889179,0.9979259911477312
r,0.5396643542743675,2.0000000000000004,0.9251105455556079,2.0,0.0849610954090947,0.9726861814548292
